sample,chrom,start,end,tcn,baf
sample1,chr1,1,200,3.6,0.2777777777777778
sample2,chr1,1,200,3.4,0.29411764705882354
sample3,chr1,1,200,3.4,0.29411764705882354
sample3,chr1,401,1500,1.4,0.2857142857142857
sample3,chr1,7001,7200,2.6,0.38461538461538464
